<?xml version="1.0" encoding="UTF-8"?>
<configuration>
	<property name="DEV_HOME" value="payment/paymentservices/logs" />

	<!-- General Logs -->
	<appender name="fileAppender" class="ch.qos.logback.core.rolling.RollingFileAppender">
		<file>${DEV_HOME}/payment-service.log</file>
		<rollingPolicy class="ch.qos.logback.core.rolling.TimeBasedRollingPolicy">
			<fileNamePattern>${DEV_HOME}/archived/%d{yyyy-MM-dd}/hospitalManagement.%d{yyyy-MM-dd}.log.gz</fileNamePattern>
		</rollingPolicy>
		<encoder>
			<pattern>[%d{dd-MM-yyyy HH:mm:ss:SSS}] [%thread] %-5level %logger{35} - %msg%n</pattern>
		</encoder>
	</appender>

	<!-- HTTP Logs (Filtering HTML Data) -->
	<appender name="maskedHttpAppender" class="ch.qos.logback.core.rolling.RollingFileAppender">
		<file>${DEV_HOME}/httpRequests.log</file>
		<rollingPolicy class="ch.qos.logback.core.rolling.TimeBasedRollingPolicy">
			<fileNamePattern>${DEV_HOME}/archived/httpRequests.%d{yyyy-MM-dd}.log.gz</fileNamePattern>
		</rollingPolicy>
		<encoder>
			<pattern>
				<![CDATA[
                [%d{dd-MM-yyyy HH:mm:ss:SSS}] [%thread] %-5level %logger{35} -
                %replace(%msg){"(?s)<form.*?</form>", "[FORM DATA REMOVED]"} %n
                ]]>
			</pattern>
		</encoder>
	</appender>

	<!-- Logger for HTTP Requests -->
	<logger name="org.springframework.web" level="DEBUG" additivity="false">
		<appender-ref ref="maskedHttpAppender" />
	</logger>

	<!-- Root Logger -->
	<root level="INFO">
		<appender-ref ref="fileAppender" />
	</root>
</configuration>
